"","ND251_34","ND251_HSC","ND251_LMPP","ND251_MPP"
"HEY1",0.374159445539041,0.305977729011698,0.448575779192619,0.381050097868432
"JUNB",0.369721651903557,0.472035191823475,-0.611879348267126,0.386027352859596
"PAX5",-0.331552659204113,-0.419085768964825,-0.56359541900852,-0.79805355723265
"RFX2",-0.343233113317136,-0.648331439637649,-0.446425383627734,-0.456953481234621
