"","ND251_34","ND251_HSC","ND251_MPP"
"TP63",0.405286462370012,0.349365867179126,0.418375244570582
