"","ND251_34","ND251_HSC","ND251_LMPP","ND251_MPP"
"LHX2",0.303621625496409,0.4558484844589,-0.300754744773797,0.326955564256779
"PRDM14",0.367492021619762,0.442815343967024,-0.314623575351717,0.39542799703932
