"","ND251_34","ND251_HSC","ND251_LMPP","ND251_MPP"
"KLF10",-0.57707706560972,-0.587466595789726,-0.383262733886023,-0.57502286417671
"NRF1",-0.53750593257214,-0.470587531826664,-0.47325667419539,-0.704032270055106
"RXRA",0.435645767590978,-0.454488170653695,-0.499147428448798,0.589571226526017
