"","ND251_34","ND251_HSC","ND251_MPP"
"FOSL1",0.312162981585589,0.304574069997799,0.565502377141076
"HES1",0.501600879828733,0.327030746117467,0.355606965353094
