"","ND251_34","ND251_HSC","ND251_MPP"
"KLF10",-0.364643973576549,-0.385112185823063,-0.314284729341655
