"","ND251_34","ND251_LMPP","ND251_MPP"
"MEF2A",-0.419908972148278,-0.327844440250186,-0.419361809528067
