"","ND251_34","ND251_LMPP","ND251_MPP"
"KLF10",-0.334409401446034,-0.308518408560029,0.473133253301321
"MEIS1",0.448564000187702,0.389374769915964,-0.612581032412965
