"","ND251_34","ND251_HSC","ND251_MPP"
"EGR2",0.473702888570658,0.332869079571171,0.420835356889529
"ETS2",0.328719426279851,0.348443097271976,0.36914810263037
"FOXK1",0.321189716566175,0.330315286092132,0.427952670231082
