"","ND251_34","ND251_HSC","ND251_LMPP","ND251_MPP"
"MAFF",-0.315091491335998,-0.311076059648482,-0.304970767805809,-0.680571320288251
