"","ND251_34","ND251_HSC","ND251_MPP"
"AR",-0.428518860485648,-0.449288671302743,-0.348614132109827
"GATA4",-0.449673808288235,-0.463773749375018,-0.443828008205337
"ZBTB7B",0.338443108526139,0.336646944555023,0.421957026612708
