"","ND251_34","ND251_HSC","ND251_LMPP","ND251_MPP"
"ZEB1",0.309845757115,0.3442515763824,0.467495595471943,0.402539353493401
