"","ND251_34","ND251_HSC","ND251_LMPP","ND251_MPP"
"E2F2",-0.317058372700275,-0.556733225818966,-0.333551159949086,-0.307923313554103
