"","ND251_34","ND251_HSC","ND251_LMPP","ND251_MPP"
"GATA2",-0.367003252382717,0.303198158949526,0.386072759245568,-0.419253848193898
