"","ND251_34","ND251_HSC","ND251_MPP"
"MECOM",-0.357426324917222,-0.450384526865294,-0.4045108775317
