"","ND251_34","ND251_HSC","ND251_LMPP","ND251_MPP"
"DUX4",-0.386192234368688,0.327442938898047,-0.340355398806294,-0.345187861417581
"MEF2A",-0.409842897129862,-0.409831396673502,-0.308803581117743,-0.796713261476572
