"","ND251_34","ND251_HSC","ND251_LMPP","ND251_MPP"
"PGR",0.36590537408996,0.377263394597497,0.460441453896973,-0.344146074081693
