"","ND251_34","ND251_HSC","ND251_LMPP","ND251_MPP"
"E2F2",-0.359221262204527,-0.527156686725248,-0.372844012160297,-0.300666980636603
"SP1",-0.310970585839786,-0.401556115933425,-0.372641020292384,-0.361007399663181
