"","ND251_34","ND251_HSC","ND251_MPP"
"CTCFL",0.318108866226732,0.320999645641742,0.317362702123285
"MXI1",0.456527573115922,0.315030162401303,0.303508685712035
