"","ND251_34","ND251_LMPP","ND251_MPP"
"STAT1",0.329555285114498,-0.347232767458418,0.343802527638737
