"","ND251_34","ND251_HSC","ND251_MPP"
"LHX2",0.370610368200562,0.306890521695213,0.384610620644256
"SMAD3",0.41146416461435,0.316867542968895,0.394159847789189
