"","ND251_34","ND251_HSC","ND251_MPP"
"HNF4G",0.43177198599933,0.317918965648051,-0.309549897479932
"PPARG",0.424050301360883,0.332189285503196,-0.672784613677769
