"","ND251_34","ND251_HSC","ND251_MPP"
"ETV4",-0.396358821129866,-0.340934455510496,-0.490913042525695
"NFATC1",0.355720704833847,0.454096839058591,0.326370116370498
"PGR",-0.356293737721388,0.314642053119069,-0.376405486219934
"TCF4",0.330203877509913,0.331730855411623,0.443607660243745
