"","ND251_34","ND251_HSC","ND251_LMPP","ND251_MPP"
"TBP",0.317991815631987,0.313372610773799,-0.44819732893467,0.301146863853789
