"","ND251_34","ND251_HSC","ND251_LMPP","ND251_MPP"
"ESR2",0.346701295380448,0.374550166618539,0.302912875290012,0.437954825292127
