"","ND251_34","ND251_HSC","ND251_LMPP","ND251_MPP"
"NR2C2",-0.330377259627203,0.318121956675785,0.50487621890803,-0.387151334344979
