"","ND251_34","ND251_HSC","ND251_LMPP","ND251_MPP"
"HES1",0.426656733555866,0.417667382559864,-0.336418194115482,0.427802188860635
"KLF10",-0.611020083546565,-0.337247774555574,-0.424529197531272,-0.431375445758771
