"","ND251_34","ND251_HSC","ND251_MPP"
"IRF2",0.323787640727609,0.33631578367854,0.380582688903966
