"","ND251_34","ND251_HSC","ND251_MPP"
"HNF4A",-0.380014558316973,-0.382746115161265,-0.309121791006617
"TCF7L2",0.352350570372871,0.332736804590505,0.317042999527621
