"","ND251_34","ND251_HSC","ND251_LMPP","ND251_MPP"
"STAT3",0.354043307572399,0.315232744952096,0.473073962746354,0.488804917447298
