"","ND251_34","ND251_LMPP","ND251_MPP"
"HOXA1",0.33451041331583,0.432019114607014,-0.417508772427696
