"","ND251_34","ND251_HSC","ND251_MPP"
"GATA4",-0.321386792936947,-0.410869635024123,-0.33032311879963
"GRHL2",-0.481204624497919,-0.367801411581446,-0.392031558117142
"SP4",0.404867359282647,0.302284230203972,0.329186015436509
