"","ND251_34","ND251_HSC","ND251_MPP"
"GATA3",-0.383636094148693,-0.306850371740999,-0.38567380381206
