"","ND251_34","ND251_HSC","ND251_MPP"
"HES1",0.683992698503805,0.303619058111649,0.36180349225361
