"","ND251_34","ND251_HSC","ND251_LMPP","ND251_MPP"
"TCF12",0.383458055932977,0.322761470809829,-0.303002108111251,0.4160805310124
