"","ND251_34","ND251_HSC","ND251_LMPP","ND251_MPP"
"AHR",0.345786822618853,0.42282849788515,0.488979411262993,0.390639071735274
"RFX2",-0.304168330743433,-0.501837214485294,-0.432720379297841,-0.337915339733115
