"","ND251_34","ND251_HSC","ND251_MPP"
"FOXA1",0.301844497644314,0.325972919292696,0.364649162333848
"JUNB",-0.306079469057621,-0.328258639505088,0.343023586173417
