"","ND251_34","ND251_HSC","ND251_MPP"
"HNF4A",-0.395603084058285,-0.679806774478135,-0.335995960266253
