"","ND251_34","ND251_HSC","ND251_LMPP","ND251_MPP"
"PGR",0.428579489329182,0.450832520466407,0.365510010426249,-0.370590231804013
