"","ND251_34","ND251_HSC","ND251_MPP"
"ONECUT1",-0.353679970387721,-0.323404697554394,-0.339418846330066
