"","ND251_34","ND251_HSC","ND251_MPP"
"BHLHE40",0.40373387955835,-0.396450905560205,0.321042179080199
"RXRG",0.339761783411797,0.379720226398939,0.315077057184926
"VEZF1",0.306398256331226,-0.342076948045328,-0.302773442150124
