"","ND251_34","ND251_HSC","ND251_MPP"
"KLF3",0.393962550808111,0.435983520097225,0.304580741380039
"LHX2",0.391714400713318,0.455206843860134,0.30632215495009
"ONECUT1",0.363123211744802,-0.380055442272564,-0.30371433528152
"PRDM14",0.413999593454125,0.455176905565281,-0.306259758549255
