"","ND251_34","ND251_HSC","ND251_MPP"
"SETDB1",-0.315906908428304,0.406838663486118,-0.301878580801422
"STAT3",0.307310635334323,0.405422325468539,0.308363492142973
