"","ND251_34","ND251_HSC","ND251_MPP"
"SP1",0.30169749931364,0.32179501218056,0.326437407695056
"TBX21",0.3029746153951,0.335182796736745,0.354337664486467
